HDI rank,Country,Year,Score,,,,,,,,,,
1,Norway,2018,0.956,,,,,,,,,,
2,Norway,2017,0.954,,,,,,,,,,
2,Norway,2015,0.947,,,,,,,,,,
4,Norway,2014,0.944,,,,,,,,,,
4,Norway,2010,0.940,,,,,,,,,,
6,Norway,2000,0.915,,,,,,,,,,
7,Norway,1990,0.849,,,,,,,,,,
8,Norway,2019,0.957,,,,,,,,,,
8,Ireland,2018,0.951,,,,,,,,,,
10,Ireland,2017,0.947,,,,,,,,,,
11,Ireland,2015,0.935,,,,,,,,,,
11,Ireland,2014,0.928,,,,,,,,,,
13,Ireland,2010,0.901,,,,,,,,,,
14,Ireland,2000,0.867,,,,,,,,,,
14,Ireland,1990,0.773,,,,,,,,,,
16,Ireland,2019,0.955,,,,,,,,,,
17,Switzerland,2018,0.955,,,,,,,,,,
18,Switzerland,2017,0.949,,,,,,,,,,
19,Switzerland,2015,0.947,,,,,,,,,,
19,Switzerland,2014,0.942,,,,,,,,,,
19,Switzerland,2010,0.941,,,,,,,,,,
22,Switzerland,2000,0.898,,,,,,,,,,
23,Switzerland,1990,0.840,,,,,,,,,,
23,Switzerland,2019,0.955,,,,,,,,,,
25,"Hong Kong, China (SAR)",2018,0.946,,,,,,,,,,
26,"Hong Kong, China (SAR)",2017,0.941,,,,,,,,,,
27,"Hong Kong, China (SAR)",2015,0.930,,,,,,,,,,
28,"Hong Kong, China (SAR)",2014,0.926,,,,,,,,,,
29,"Hong Kong, China (SAR)",2010,0.904,,,,,,,,,,
29,"Hong Kong, China (SAR)",2000,0.830,,,,,,,,,,
31,"Hong Kong, China (SAR)",1990,0.784,,,,,,,,,,
32,"Hong Kong, China (SAR)",2019,0.949,,,,,,,,,,
33,Iceland,2018,0.946,,,,,,,,,,
34,Iceland,2017,0.943,,,,,,,,,,
35,Iceland,2015,0.934,,,,,,,,,,
36,Iceland,2014,0.931,,,,,,,,,,
37,Iceland,2010,0.898,,,,,,,,,,
38,Iceland,2000,0.867,,,,,,,,,,
39,Iceland,1990,0.807,,,,,,,,,,
40,Iceland,2019,0.949,,,,,,,,,,
40,Germany,2018,0.946,,,,,,,,,,
42,Germany,2017,0.943,,,,,,,,,,
43,Germany,2015,0.938,,,,,,,,,,
43,Germany,2014,0.937,,,,,,,,,,
45,Germany,2010,0.927,,,,,,,,,,
46,Germany,2000,0.876,,,,,,,,,,
47,Germany,1990,0.808,,,,,,,,,,
48,Germany,2019,0.947,,,,,,,,,,
49,Sweden,2018,0.943,,,,,,,,,,
50,Sweden,2017,0.942,,,,,,,,,,
51,Sweden,2015,0.938,,,,,,,,,,
52,Sweden,2014,0.935,,,,,,,,,,
53,Sweden,2010,0.911,,,,,,,,,,
54,Sweden,2000,0.903,,,,,,,,,,
55,Sweden,1990,0.821,,,,,,,,,,
56,Sweden,2019,0.945,,,,,,,,,,
57,Australia,2018,0.943,,,,,,,,,,
58,Australia,2017,0.941,,,,,,,,,,
58,Australia,2015,0.938,,,,,,,,,,
60,Australia,2014,0.933,,,,,,,,,,
61,Australia,2010,0.930,,,,,,,,,,
62,Australia,2000,0.903,,,,,,,,,,
62,Australia,1990,0.871,,,,,,,,,,
64,Australia,2019,0.944,,,,,,,,,,
64,Netherlands,2018,0.840,,,,,,,,,,
66,Netherlands,2017,0.880,,,,,,,,,,
67,Netherlands,2015,0.917,,,,,,,,,,
67,Netherlands,2014,0.932,,,,,,,,,,
69,Netherlands,2010,0.934,,,,,,,,,,
70,Netherlands,2000,0.939,,,,,,,,,,
70,Netherlands,1990,0.942,,,,,,,,,,
72,Netherlands,2019,0.950,,,,,,,,,,
73,Denmark,2018,0.806,,,,,,,,,,
74,Denmark,2017,0.870,,,,,,,,,,
74,Denmark,2015,0.917,,,,,,,,,,
74,Denmark,2014,0.935,,,,,,,,,,
74,Denmark,2010,0.933,,,,,,,,,,
78,Denmark,2000,0.936,,,,,,,,,,
79,Denmark,1990,0.939,,,,,,,,,,
79,Denmark,2019,0.940,,,,,,,,,,
81,Finland,2018,0.790,,,,,,,,,,
82,Finland,2017,0.864,,,,,,,,,,
83,Finland,2015,0.916,,,,,,,,,,
84,Finland,2014,0.928,,,,,,,,,,
85,Finland,2010,0.930,,,,,,,,,,
86,Finland,2000,0.935,,,,,,,,,,
86,Finland,1990,0.937,,,,,,,,,,
88,Finland,2019,0.938,,,,,,,,,,
88,Singapore,2018,0.721,,,,,,,,,,
90,Singapore,2017,0.821,,,,,,,,,,
91,Singapore,2015,0.909,,,,,,,,,,
92,Singapore,2014,0.926,,,,,,,,,,
93,Singapore,2010,0.931,,,,,,,,,,
94,Singapore,2000,0.933,,,,,,,,,,
95,Singapore,1990,0.936,,,,,,,,,,
95,Singapore,2019,0.938,,,,,,,,,,
97,United Kingdom,2018,0.781,,,,,,,,,,
97,United Kingdom,2017,0.874,,,,,,,,,,
99,United Kingdom,2015,0.912,,,,,,,,,,
100,United Kingdom,2014,0.925,,,,,,,,,,
101,United Kingdom,2010,0.923,,,,,,,,,,
102,United Kingdom,2000,0.926,,,,,,,,,,
103,United Kingdom,1990,0.928,,,,,,,,,,
104,United Kingdom,2019,0.932,,,,,,,,,,
105,Belgium,2018,0.813,,,,,,,,,,
106,Belgium,2017,0.880,,,,,,,,,,
107,Belgium,2015,0.910,,,,,,,,,,
107,Belgium,2014,0.918,,,,,,,,,,
107,Belgium,2010,0.922,,,,,,,,,,
110,Belgium,2000,0.929,,,,,,,,,,
111,Belgium,1990,0.930,,,,,,,,,,
111,Belgium,2019,0.931,,,,,,,,,,
113,New Zealand,2018,0.826,,,,,,,,,,
114,New Zealand,2017,0.876,,,,,,,,,,
115,New Zealand,2015,0.906,,,,,,,,,,
116,New Zealand,2014,0.916,,,,,,,,,,
117,New Zealand,2010,0.921,,,,,,,,,,
117,New Zealand,2000,0.926,,,,,,,,,,
119,New Zealand,1990,0.928,,,,,,,,,,
120,New Zealand,2019,0.931,,,,,,,,,,
121,Canada,2018,0.850,,,,,,,,,,
122,Canada,2017,0.867,,,,,,,,,,
123,Canada,2015,0.901,,,,,,,,,,
124,Canada,2014,0.918,,,,,,,,,,
125,Canada,2010,0.921,,,,,,,,,,
126,Canada,2000,0.926,,,,,,,,,,
127,Canada,1990,0.928,,,,,,,,,,
128,Canada,2019,0.929,,,,,,,,,,
129,United States,2018,0.865,,,,,,,,,,
130,United States,2017,0.886,,,,,,,,,,
131,United States,2015,0.916,,,,,,,,,,
132,United States,2014,0.920,,,,,,,,,,
133,United States,2010,0.921,,,,,,,,,,
134,United States,2000,0.924,,,,,,,,,,
135,United States,1990,0.925,,,,,,,,,,
136,United States,2019,0.926,,,,,,,,,,
137,Austria,2018,0.803,,,,,,,,,,
138,Austria,2017,0.847,,,,,,,,,,
138,Austria,2015,0.904,,,,,,,,,,
140,Austria,2014,0.913,,,,,,,,,,
141,Austria,2010,0.915,,,,,,,,,,
142,Austria,2000,0.919,,,,,,,,,,
143,Austria,1990,0.921,,,,,,,,,,
144,Austria,2019,0.922,,,,,,,,,,
145,Israel,2018,0.801,,,,,,,,,,
146,Israel,2017,0.861,,,,,,,,,,
147,Israel,2015,0.895,,,,,,,,,,
148,Israel,2014,0.909,,,,,,,,,,
149,Israel,2010,0.910,,,,,,,,,,
150,Israel,2000,0.913,,,,,,,,,,
151,Israel,1990,0.916,,,,,,,,,,
151,Israel,2019,0.919,,,,,,,,,,
153,Japan,2018,0.818,,,,,,,,,,
154,Japan,2017,0.858,,,,,,,,,,
155,Japan,2015,0.887,,,,,,,,,,
156,Japan,2014,0.906,,,,,,,,,,
157,Japan,2010,0.908,,,,,,,,,,
158,Japan,2000,0.915,,,,,,,,,,
159,Japan,1990,0.917,,,,,,,,,,
160,Japan,2019,0.919,,,,,,,,,,
161,Liechtenstein,2018,0.000,,,,,,,,,,
162,Liechtenstein,2017,0.862,,,,,,,,,,
163,Liechtenstein,2015,0.904,,,,,,,,,,
164,Liechtenstein,2014,0.911,,,,,,,,,,
165,Liechtenstein,2010,0.911,,,,,,,,,,
166,Liechtenstein,2000,0.916,,,,,,,,,,
167,Liechtenstein,1990,0.919,,,,,,,,,,
168,Liechtenstein,2019,0.919,,,,,,,,,,
169,Slovenia,2018,0.774,,,,,,,,,,
170,Slovenia,2017,0.832,,,,,,,,,,
170,Slovenia,2015,0.889,,,,,,,,,,
172,Slovenia,2014,0.894,,,,,,,,,,
173,Slovenia,2010,0.894,,,,,,,,,,
174,Slovenia,2000,0.907,,,,,,,,,,
175,Slovenia,1990,0.912,,,,,,,,,,
175,Slovenia,2019,0.917,,,,,,,,,,
175,Korea (Republic of),2018,0.732,,,,,,,,,,
178,Korea (Republic of),2017,0.823,,,,,,,,,,
179,Korea (Republic of),2015,0.889,,,,,,,,,,
180,Korea (Republic of),2014,0.904,,,,,,,,,,
181,Korea (Republic of),2010,0.907,,,,,,,,,,
182,Korea (Republic of),2000,0.912,,,,,,,,,,
182,Korea (Republic of),1990,0.914,,,,,,,,,,
184,Korea (Republic of),2019,0.916,,,,,,,,,,
185,Luxembourg,2018,0.797,,,,,,,,,,
185,Luxembourg,2017,0.860,,,,,,,,,,
187,Luxembourg,2015,0.898,,,,,,,,,,
188,Luxembourg,2014,0.903,,,,,,,,,,
189,Luxembourg,2010,0.906,,,,,,,,,,
,Luxembourg,2000,0.913,,,,,,,,,,
,Luxembourg,1990,0.913,,,,,,,,,,
,Luxembourg,2019,0.916,,,,,,,,,,
,Spain,2018,0.761,,,,,,,,,,
,Spain,2017,0.832,,,,,,,,,,
,Spain,2015,0.872,,,,,,,,,,
,Spain,2014,0.888,,,,,,,,,,
,Spain,2010,0.895,,,,,,,,,,
,Spain,2000,0.903,,,,,,,,,,
,Spain,1990,0.905,,,,,,,,,,
,Spain,2019,0.904,,,,,,,,,,
,France,2018,0.786,,,,,,,,,,
,France,2017,0.849,,,,,,,,,,
,France,2015,0.879,,,,,,,,,,
,France,2014,0.893,,,,,,,,,,
,France,2010,0.895,,,,,,,,,,
,France,2000,0.897,,,,,,,,,,
,France,1990,0.898,,,,,,,,,,
,France,2019,0.901,,,,,,,,,,
,Czechia,2018,0.738,,,,,,,,,,
,Czechia,2017,0.804,,,,,,,,,,
,Czechia,2015,0.870,,,,,,,,,,
,Czechia,2014,0.888,,,,,,,,,,
,Czechia,2010,0.891,,,,,,,,,,
,Czechia,2000,0.896,,,,,,,,,,
,Czechia,1990,0.898,,,,,,,,,,
,Czechia,2019,0.900,,,,,,,,,,
,Malta,2018,0.752,,,,,,,,,,
,Malta,2017,0.795,,,,,,,,,,
,Malta,2015,0.853,,,,,,,,,,
,Malta,2014,0.874,,,,,,,,,,
,Malta,2010,0.880,,,,,,,,,,
,Malta,2000,0.888,,,,,,,,,,
,Malta,1990,0.894,,,,,,,,,,
,Malta,2019,0.895,,,,,,,,,,
,Estonia,2018,0.735,,,,,,,,,,
,Estonia,2017,0.787,,,,,,,,,,
,Estonia,2015,0.852,,,,,,,,,,
,Estonia,2014,0.871,,,,,,,,,,
,Estonia,2010,0.877,,,,,,,,,,
,Estonia,2000,0.885,,,,,,,,,,
,Estonia,1990,0.889,,,,,,,,,,
,Estonia,2019,0.892,,,,,,,,,,
,Italy,2018,0.776,,,,,,,,,,
,Italy,2017,0.838,,,,,,,,,,
,Italy,2015,0.879,,,,,,,,,,
,Italy,2014,0.882,,,,,,,,,,
,Italy,2010,0.882,,,,,,,,,,
,Italy,2000,0.886,,,,,,,,,,
,Italy,1990,0.890,,,,,,,,,,
,Italy,2019,0.892,,,,,,,,,,
,United Arab Emirates,2018,0.723,,,,,,,,,,
,United Arab Emirates,2017,0.782,,,,,,,,,,
,United Arab Emirates,2015,0.820,,,,,,,,,,
,United Arab Emirates,2014,0.847,,,,,,,,,,
,United Arab Emirates,2010,0.859,,,,,,,,,,
,United Arab Emirates,2000,0.881,,,,,,,,,,
,United Arab Emirates,1990,0.889,,,,,,,,,,
,United Arab Emirates,2019,0.890,,,,,,,,,,
,Greece,2018,0.761,,,,,,,,,,
,Greece,2017,0.804,,,,,,,,,,
,Greece,2015,0.865,,,,,,,,,,
,Greece,2014,0.875,,,,,,,,,,
,Greece,2010,0.877,,,,,,,,,,
,Greece,2000,0.879,,,,,,,,,,
,Greece,1990,0.881,,,,,,,,,,
,Greece,2019,0.888,,,,,,,,,,
,Cyprus,2018,0.735,,,,,,,,,,
,Cyprus,2017,0.804,,,,,,,,,,
,Cyprus,2015,0.856,,,,,,,,,,
,Cyprus,2014,0.862,,,,,,,,,,
,Cyprus,2010,0.865,,,,,,,,,,
,Cyprus,2000,0.878,,,,,,,,,,
,Cyprus,1990,0.885,,,,,,,,,,
,Cyprus,2019,0.887,,,,,,,,,,
,Lithuania,2018,0.738,,,,,,,,,,
,Lithuania,2017,0.762,,,,,,,,,,
,Lithuania,2015,0.831,,,,,,,,,,
,Lithuania,2014,0.859,,,,,,,,,,
,Lithuania,2010,0.862,,,,,,,,,,
,Lithuania,2000,0.873,,,,,,,,,,
,Lithuania,1990,0.876,,,,,,,,,,
,Lithuania,2019,0.882,,,,,,,,,,
,Poland,2018,0.718,,,,,,,,,,
,Poland,2017,0.790,,,,,,,,,,
,Poland,2015,0.840,,,,,,,,,,
,Poland,2014,0.858,,,,,,,,,,
,Poland,2010,0.863,,,,,,,,,,
,Poland,2000,0.873,,,,,,,,,,
,Poland,1990,0.877,,,,,,,,,,
,Poland,2019,0.880,,,,,,,,,,
,Andorra,2018,0.000,,,,,,,,,,
,Andorra,2017,0.813,,,,,,,,,,
,Andorra,2015,0.837,,,,,,,,,,
,Andorra,2014,0.863,,,,,,,,,,
,Andorra,2010,0.862,,,,,,,,,,
,Andorra,2000,0.863,,,,,,,,,,
,Andorra,1990,0.867,,,,,,,,,,
,Andorra,2019,0.868,,,,,,,,,,
,Latvia,2018,0.711,,,,,,,,,,
,Latvia,2017,0.735,,,,,,,,,,
,Latvia,2015,0.824,,,,,,,,,,
,Latvia,2014,0.845,,,,,,,,,,
,Latvia,2010,0.849,,,,,,,,,,
,Latvia,2000,0.859,,,,,,,,,,
,Latvia,1990,0.863,,,,,,,,,,
,Latvia,2019,0.866,,,,,,,,,,
,Portugal,2018,0.718,,,,,,,,,,
,Portugal,2017,0.792,,,,,,,,,,
,Portugal,2015,0.829,,,,,,,,,,
,Portugal,2014,0.847,,,,,,,,,,
,Portugal,2010,0.854,,,,,,,,,,
,Portugal,2000,0.858,,,,,,,,,,
,Portugal,1990,0.860,,,,,,,,,,
,Portugal,2019,0.864,,,,,,,,,,
,Slovakia,2018,0.741,,,,,,,,,,
,Slovakia,2017,0.765,,,,,,,,,,
,Slovakia,2015,0.831,,,,,,,,,,
,Slovakia,2014,0.847,,,,,,,,,,
,Slovakia,2010,0.850,,,,,,,,,,
,Slovakia,2000,0.855,,,,,,,,,,
,Slovakia,1990,0.858,,,,,,,,,,
,Slovakia,2019,0.860,,,,,,,,,,
,Hungary,2018,0.708,,,,,,,,,,
,Hungary,2017,0.772,,,,,,,,,,
,Hungary,2015,0.831,,,,,,,,,,
,Hungary,2014,0.838,,,,,,,,,,
,Hungary,2010,0.842,,,,,,,,,,
,Hungary,2000,0.846,,,,,,,,,,
,Hungary,1990,0.850,,,,,,,,,,
,Hungary,2019,0.854,,,,,,,,,,
,Saudi Arabia,2018,0.697,,,,,,,,,,
,Saudi Arabia,2017,0.743,,,,,,,,,,
,Saudi Arabia,2015,0.809,,,,,,,,,,
,Saudi Arabia,2014,0.852,,,,,,,,,,
,Saudi Arabia,2010,0.859,,,,,,,,,,
,Saudi Arabia,2000,0.852,,,,,,,,,,
,Saudi Arabia,1990,0.854,,,,,,,,,,
,Saudi Arabia,2019,0.854,,,,,,,,,,
,Bahrain,2018,0.749,,,,,,,,,,
,Bahrain,2017,0.795,,,,,,,,,,
,Bahrain,2015,0.800,,,,,,,,,,
,Bahrain,2014,0.820,,,,,,,,,,
,Bahrain,2010,0.848,,,,,,,,,,
,Bahrain,2000,0.854,,,,,,,,,,
,Bahrain,1990,0.852,,,,,,,,,,
,Bahrain,2019,0.852,,,,,,,,,,
,Chile,2018,0.706,,,,,,,,,,
,Chile,2017,0.756,,,,,,,,,,
,Chile,2015,0.803,,,,,,,,,,
,Chile,2014,0.837,,,,,,,,,,
,Chile,2010,0.842,,,,,,,,,,
,Chile,2000,0.847,,,,,,,,,,
,Chile,1990,0.849,,,,,,,,,,
,Chile,2019,0.851,,,,,,,,,,
,Croatia,2018,0.677,,,,,,,,,,
,Croatia,2017,0.757,,,,,,,,,,
,Croatia,2015,0.815,,,,,,,,,,
,Croatia,2014,0.835,,,,,,,,,,
,Croatia,2010,0.840,,,,,,,,,,
,Croatia,2000,0.845,,,,,,,,,,
,Croatia,1990,0.848,,,,,,,,,,
,Croatia,2019,0.851,,,,,,,,,,
,Qatar,2018,0.750,,,,,,,,,,
,Qatar,2017,0.816,,,,,,,,,,
,Qatar,2015,0.834,,,,,,,,,,
,Qatar,2014,0.835,,,,,,,,,,
,Qatar,2010,0.839,,,,,,,,,,
,Qatar,2000,0.848,,,,,,,,,,
,Qatar,1990,0.845,,,,,,,,,,
,Qatar,2019,0.848,,,,,,,,,,
,Argentina,2018,0.718,,,,,,,,,,
,Argentina,2017,0.781,,,,,,,,,,
,Argentina,2015,0.829,,,,,,,,,,
,Argentina,2014,0.836,,,,,,,,,,
,Argentina,2010,0.840,,,,,,,,,,
,Argentina,2000,0.843,,,,,,,,,,
,Argentina,1990,0.842,,,,,,,,,,
,Argentina,2019,0.845,,,,,,,,,,
,Brunei Darussalam,2018,0.767,,,,,,,,,,
,Brunei Darussalam,2017,0.802,,,,,,,,,,
,Brunei Darussalam,2015,0.827,,,,,,,,,,
,Brunei Darussalam,2014,0.838,,,,,,,,,,
,Brunei Darussalam,2010,0.838,,,,,,,,,,
,Brunei Darussalam,2000,0.838,,,,,,,,,,
,Brunei Darussalam,1990,0.836,,,,,,,,,,
,Brunei Darussalam,2019,0.838,,,,,,,,,,
,Montenegro,2018,0.000,,,,,,,,,,
,Montenegro,2017,0.000,,,,,,,,,,
,Montenegro,2015,0.802,,,,,,,,,,
,Montenegro,2014,0.813,,,,,,,,,,
,Montenegro,2010,0.816,,,,,,,,,,
,Montenegro,2000,0.822,,,,,,,,,,
,Montenegro,1990,0.826,,,,,,,,,,
,Montenegro,2019,0.829,,,,,,,,,,
,Romania,2018,0.708,,,,,,,,,,
,Romania,2017,0.716,,,,,,,,,,
,Romania,2015,0.805,,,,,,,,,,
,Romania,2014,0.811,,,,,,,,,,
,Romania,2010,0.815,,,,,,,,,,
,Romania,2000,0.821,,,,,,,,,,
,Romania,1990,0.823,,,,,,,,,,
,Romania,2019,0.828,,,,,,,,,,
,Palau,2018,0.000,,,,,,,,,,
,Palau,2017,0.744,,,,,,,,,,
,Palau,2015,0.786,,,,,,,,,,
,Palau,2014,0.825,,,,,,,,,,
,Palau,2010,0.820,,,,,,,,,,
,Palau,2000,0.822,,,,,,,,,,
,Palau,1990,0.822,,,,,,,,,,
,Palau,2019,0.826,,,,,,,,,,
,Kazakhstan,2018,0.690,,,,,,,,,,
,Kazakhstan,2017,0.685,,,,,,,,,,
,Kazakhstan,2015,0.764,,,,,,,,,,
,Kazakhstan,2014,0.798,,,,,,,,,,
,Kazakhstan,2010,0.806,,,,,,,,,,
,Kazakhstan,2000,0.815,,,,,,,,,,
,Kazakhstan,1990,0.819,,,,,,,,,,
,Kazakhstan,2019,0.825,,,,,,,,,,
,Russian Federation,2018,0.735,,,,,,,,,,
,Russian Federation,2017,0.722,,,,,,,,,,
,Russian Federation,2015,0.781,,,,,,,,,,
,Russian Federation,2014,0.807,,,,,,,,,,
,Russian Federation,2010,0.809,,,,,,,,,,
,Russian Federation,2000,0.820,,,,,,,,,,
,Russian Federation,1990,0.823,,,,,,,,,,
,Russian Federation,2019,0.824,,,,,,,,,,
,Belarus,2018,0.000,,,,,,,,,,
,Belarus,2017,0.686,,,,,,,,,,
,Belarus,2015,0.795,,,,,,,,,,
,Belarus,2014,0.814,,,,,,,,,,
,Belarus,2010,0.814,,,,,,,,,,
,Belarus,2000,0.819,,,,,,,,,,
,Belarus,1990,0.823,,,,,,,,,,
,Belarus,2019,0.823,,,,,,,,,,
,Turkey,2018,0.583,,,,,,,,,,
,Turkey,2017,0.660,,,,,,,,,,
,Turkey,2015,0.739,,,,,,,,,,
,Turkey,2014,0.796,,,,,,,,,,
,Turkey,2010,0.801,,,,,,,,,,
,Turkey,2000,0.814,,,,,,,,,,
,Turkey,1990,0.817,,,,,,,,,,
,Turkey,2019,0.820,,,,,,,,,,
,Uruguay,2018,0.694,,,,,,,,,,
,Uruguay,2017,0.743,,,,,,,,,,
,Uruguay,2015,0.782,,,,,,,,,,
,Uruguay,2014,0.803,,,,,,,,,,
,Uruguay,2010,0.806,,,,,,,,,,
,Uruguay,2000,0.814,,,,,,,,,,
,Uruguay,1990,0.816,,,,,,,,,,
,Uruguay,2019,0.817,,,,,,,,,,
,Bulgaria,2018,0.708,,,,,,,,,,
,Bulgaria,2017,0.720,,,,,,,,,,
,Bulgaria,2015,0.788,,,,,,,,,,
,Bulgaria,2014,0.806,,,,,,,,,,
,Bulgaria,2010,0.809,,,,,,,,,,
,Bulgaria,2000,0.811,,,,,,,,,,
,Bulgaria,1990,0.813,,,,,,,,,,
,Bulgaria,2019,0.816,,,,,,,,,,
,Panama,2018,0.675,,,,,,,,,,
,Panama,2017,0.735,,,,,,,,,,
,Panama,2015,0.774,,,,,,,,,,
,Panama,2014,0.795,,,,,,,,,,
,Panama,2010,0.799,,,,,,,,,,
,Panama,2000,0.811,,,,,,,,,,
,Panama,1990,0.812,,,,,,,,,,
,Panama,2019,0.815,,,,,,,,,,
,Bahamas,2018,0.000,,,,,,,,,,
,Bahamas,2017,0.797,,,,,,,,,,
,Bahamas,2015,0.805,,,,,,,,,,
,Bahamas,2014,0.805,,,,,,,,,,
,Bahamas,2010,0.808,,,,,,,,,,
,Bahamas,2000,0.812,,,,,,,,,,
,Bahamas,1990,0.812,,,,,,,,,,
,Bahamas,2019,0.814,,,,,,,,,,
,Barbados,2018,0.732,,,,,,,,,,
,Barbados,2017,0.771,,,,,,,,,,
,Barbados,2015,0.797,,,,,,,,,,
,Barbados,2014,0.808,,,,,,,,,,
,Barbados,2010,0.809,,,,,,,,,,
,Barbados,2000,0.810,,,,,,,,,,
,Barbados,1990,0.810,,,,,,,,,,
,Barbados,2019,0.814,,,,,,,,,,
,Oman,2018,0.000,,,,,,,,,,
,Oman,2017,0.693,,,,,,,,,,
,Oman,2015,0.782,,,,,,,,,,
,Oman,2014,0.802,,,,,,,,,,
,Oman,2010,0.814,,,,,,,,,,
,Oman,2000,0.819,,,,,,,,,,
,Oman,1990,0.813,,,,,,,,,,
,Oman,2019,0.813,,,,,,,,,,
,Georgia,2018,0.000,,,,,,,,,,
,Georgia,2017,0.690,,,,,,,,,,
,Georgia,2015,0.751,,,,,,,,,,
,Georgia,2014,0.783,,,,,,,,,,
,Georgia,2010,0.790,,,,,,,,,,
,Georgia,2000,0.799,,,,,,,,,,
,Georgia,1990,0.805,,,,,,,,,,
,Georgia,2019,0.812,,,,,,,,,,
,Costa Rica,2018,0.665,,,,,,,,,,
,Costa Rica,2017,0.721,,,,,,,,,,
,Costa Rica,2015,0.765,,,,,,,,,,
,Costa Rica,2014,0.796,,,,,,,,,,
,Costa Rica,2010,0.797,,,,,,,,,,
,Costa Rica,2000,0.804,,,,,,,,,,
,Costa Rica,1990,0.808,,,,,,,,,,
,Costa Rica,2019,0.810,,,,,,,,,,
,Malaysia,2018,0.643,,,,,,,,,,
,Malaysia,2017,0.723,,,,,,,,,,
,Malaysia,2015,0.772,,,,,,,,,,
,Malaysia,2014,0.791,,,,,,,,,,
,Malaysia,2010,0.796,,,,,,,,,,
,Malaysia,2000,0.805,,,,,,,,,,
,Malaysia,1990,0.805,,,,,,,,,,
,Malaysia,2019,0.810,,,,,,,,,,
,Kuwait,2018,0.705,,,,,,,,,,
,Kuwait,2017,0.781,,,,,,,,,,
,Kuwait,2015,0.788,,,,,,,,,,
,Kuwait,2014,0.796,,,,,,,,,,
,Kuwait,2010,0.801,,,,,,,,,,
,Kuwait,2000,0.805,,,,,,,,,,
,Kuwait,1990,0.807,,,,,,,,,,
,Kuwait,2019,0.806,,,,,,,,,,
,Serbia,2018,0.722,,,,,,,,,,
,Serbia,2017,0.716,,,,,,,,,,
,Serbia,2015,0.766,,,,,,,,,,
,Serbia,2014,0.784,,,,,,,,,,
,Serbia,2010,0.789,,,,,,,,,,
,Serbia,2000,0.798,,,,,,,,,,
,Serbia,1990,0.803,,,,,,,,,,
,Serbia,2019,0.806,,,,,,,,,,
,Mauritius,2018,0.624,,,,,,,,,,
,Mauritius,2017,0.678,,,,,,,,,,
,Mauritius,2015,0.751,,,,,,,,,,
,Mauritius,2014,0.789,,,,,,,,,,
,Mauritius,2010,0.789,,,,,,,,,,
,Mauritius,2000,0.797,,,,,,,,,,
,Mauritius,1990,0.801,,,,,,,,,,
,Mauritius,2019,0.804,,,,,,,,,,
,Seychelles,2018,0.000,,,,,,,,,,
,Seychelles,2017,0.714,,,,,,,,,,
,Seychelles,2015,0.764,,,,,,,,,,
,Seychelles,2014,0.775,,,,,,,,,,
,Seychelles,2010,0.786,,,,,,,,,,
,Seychelles,2000,0.789,,,,,,,,,,
,Seychelles,1990,0.790,,,,,,,,,,
,Seychelles,2019,0.796,,,,,,,,,,
,Trinidad and Tobago,2018,0.668,,,,,,,,,,
,Trinidad and Tobago,2017,0.717,,,,,,,,,,
,Trinidad and Tobago,2015,0.784,,,,,,,,,,
,Trinidad and Tobago,2014,0.785,,,,,,,,,,
,Trinidad and Tobago,2010,0.792,,,,,,,,,,
,Trinidad and Tobago,2000,0.795,,,,,,,,,,
,Trinidad and Tobago,1990,0.795,,,,,,,,,,
,Trinidad and Tobago,2019,0.796,,,,,,,,,,
,Albania,2018,0.650,,,,,,,,,,
,Albania,2017,0.671,,,,,,,,,,
,Albania,2015,0.745,,,,,,,,,,
,Albania,2014,0.787,,,,,,,,,,
,Albania,2010,0.788,,,,,,,,,,
,Albania,2000,0.790,,,,,,,,,,
,Albania,1990,0.792,,,,,,,,,,
,Albania,2019,0.795,,,,,,,,,,
,Cuba,2018,0.680,,,,,,,,,,
,Cuba,2017,0.691,,,,,,,,,,
,Cuba,2015,0.781,,,,,,,,,,
,Cuba,2014,0.767,,,,,,,,,,
,Cuba,2010,0.772,,,,,,,,,,
,Cuba,2000,0.777,,,,,,,,,,
,Cuba,1990,0.781,,,,,,,,,,
,Cuba,2019,0.783,,,,,,,,,,
,Iran (Islamic Republic of),2018,0.565,,,,,,,,,,
,Iran (Islamic Republic of),2017,0.658,,,,,,,,,,
,Iran (Islamic Republic of),2015,0.742,,,,,,,,,,
,Iran (Islamic Republic of),2014,0.774,,,,,,,,,,
,Iran (Islamic Republic of),2010,0.774,,,,,,,,,,
,Iran (Islamic Republic of),2000,0.787,,,,,,,,,,
,Iran (Islamic Republic of),1990,0.785,,,,,,,,,,
,Iran (Islamic Republic of),2019,0.783,,,,,,,,,,
,Sri Lanka,2018,0.629,,,,,,,,,,
,Sri Lanka,2017,0.691,,,,,,,,,,
,Sri Lanka,2015,0.754,,,,,,,,,,
,Sri Lanka,2014,0.773,,,,,,,,,,
,Sri Lanka,2010,0.776,,,,,,,,,,
,Sri Lanka,2000,0.775,,,,,,,,,,
,Sri Lanka,1990,0.779,,,,,,,,,,
,Sri Lanka,2019,0.782,,,,,,,,,,
,Bosnia and Herzegovina,2018,0.000,,,,,,,,,,
,Bosnia and Herzegovina,2017,0.679,,,,,,,,,,
,Bosnia and Herzegovina,2015,0.721,,,,,,,,,,
,Bosnia and Herzegovina,2014,0.758,,,,,,,,,,
,Bosnia and Herzegovina,2010,0.761,,,,,,,,,,
,Bosnia and Herzegovina,2000,0.774,,,,,,,,,,
,Bosnia and Herzegovina,1990,0.777,,,,,,,,,,
,Bosnia and Herzegovina,2019,0.780,,,,,,,,,,
,Grenada,2018,0.000,,,,,,,,,,
,Grenada,2017,0.000,,,,,,,,,,
,Grenada,2015,0.754,,,,,,,,,,
,Grenada,2014,0.766,,,,,,,,,,
,Grenada,2010,0.770,,,,,,,,,,
,Grenada,2000,0.770,,,,,,,,,,
,Grenada,1990,0.773,,,,,,,,,,
,Grenada,2019,0.779,,,,,,,,,,
,Mexico,2018,0.656,,,,,,,,,,
,Mexico,2017,0.708,,,,,,,,,,
,Mexico,2015,0.748,,,,,,,,,,
,Mexico,2014,0.761,,,,,,,,,,
,Mexico,2010,0.766,,,,,,,,,,
,Mexico,2000,0.771,,,,,,,,,,
,Mexico,1990,0.776,,,,,,,,,,
,Mexico,2019,0.779,,,,,,,,,,
,Saint Kitts and Nevis,2018,0.000,,,,,,,,,,
,Saint Kitts and Nevis,2017,0.000,,,,,,,,,,
,Saint Kitts and Nevis,2015,0.746,,,,,,,,,,
,Saint Kitts and Nevis,2014,0.768,,,,,,,,,,
,Saint Kitts and Nevis,2010,0.768,,,,,,,,,,
,Saint Kitts and Nevis,2000,0.770,,,,,,,,,,
,Saint Kitts and Nevis,1990,0.773,,,,,,,,,,
,Saint Kitts and Nevis,2019,0.779,,,,,,,,,,
,Ukraine,2018,0.725,,,,,,,,,,
,Ukraine,2017,0.694,,,,,,,,,,
,Ukraine,2015,0.755,,,,,,,,,,
,Ukraine,2014,0.771,,,,,,,,,,
,Ukraine,2010,0.765,,,,,,,,,,
,Ukraine,2000,0.771,,,,,,,,,,
,Ukraine,1990,0.774,,,,,,,,,,
,Ukraine,2019,0.779,,,,,,,,,,
,Antigua and Barbuda,2018,0.000,,,,,,,,,,
,Antigua and Barbuda,2017,0.000,,,,,,,,,,
,Antigua and Barbuda,2015,0.763,,,,,,,,,,
,Antigua and Barbuda,2014,0.760,,,,,,,,,,
,Antigua and Barbuda,2010,0.762,,,,,,,,,,
,Antigua and Barbuda,2000,0.768,,,,,,,,,,
,Antigua and Barbuda,1990,0.772,,,,,,,,,,
,Antigua and Barbuda,2019,0.778,,,,,,,,,,
,Peru,2018,0.613,,,,,,,,,,
,Peru,2017,0.679,,,,,,,,,,
,Peru,2015,0.721,,,,,,,,,,
,Peru,2014,0.760,,,,,,,,,,
,Peru,2010,0.759,,,,,,,,,,
,Peru,2000,0.767,,,,,,,,,,
,Peru,1990,0.771,,,,,,,,,,
,Peru,2019,0.777,,,,,,,,,,
,Thailand,2018,0.577,,,,,,,,,,
,Thailand,2017,0.652,,,,,,,,,,
,Thailand,2015,0.724,,,,,,,,,,
,Thailand,2014,0.742,,,,,,,,,,
,Thailand,2010,0.749,,,,,,,,,,
,Thailand,2000,0.765,,,,,,,,,,
,Thailand,1990,0.772,,,,,,,,,,
,Thailand,2019,0.777,,,,,,,,,,
,Armenia,2018,0.654,,,,,,,,,,
,Armenia,2017,0.669,,,,,,,,,,
,Armenia,2015,0.747,,,,,,,,,,
,Armenia,2014,0.764,,,,,,,,,,
,Armenia,2010,0.768,,,,,,,,,,
,Armenia,2000,0.769,,,,,,,,,,
,Armenia,1990,0.771,,,,,,,,,,
,Armenia,2019,0.776,,,,,,,,,,
,North Macedonia,2018,0.000,,,,,,,,,,
,North Macedonia,2017,0.677,,,,,,,,,,
,North Macedonia,2015,0.743,,,,,,,,,,
,North Macedonia,2014,0.755,,,,,,,,,,
,North Macedonia,2010,0.761,,,,,,,,,,
,North Macedonia,2000,0.767,,,,,,,,,,
,North Macedonia,1990,0.770,,,,,,,,,,
,North Macedonia,2019,0.774,,,,,,,,,,
,Colombia,2018,0.603,,,,,,,,,,
,Colombia,2017,0.666,,,,,,,,,,
,Colombia,2015,0.729,,,,,,,,,,
,Colombia,2014,0.753,,,,,,,,,,
,Colombia,2010,0.756,,,,,,,,,,
,Colombia,2000,0.763,,,,,,,,,,
,Colombia,1990,0.764,,,,,,,,,,
,Colombia,2019,0.767,,,,,,,,,,
,Brazil,2018,0.613,,,,,,,,,,
,Brazil,2017,0.685,,,,,,,,,,
,Brazil,2015,0.727,,,,,,,,,,
,Brazil,2014,0.756,,,,,,,,,,
,Brazil,2010,0.756,,,,,,,,,,
,Brazil,2000,0.761,,,,,,,,,,
,Brazil,1990,0.762,,,,,,,,,,
,Brazil,2019,0.765,,,,,,,,,,
,China,2018,0.499,,,,,,,,,,
,China,2017,0.588,,,,,,,,,,
,China,2015,0.699,,,,,,,,,,
,China,2014,0.731,,,,,,,,,,
,China,2010,0.739,,,,,,,,,,
,China,2000,0.750,,,,,,,,,,
,China,1990,0.755,,,,,,,,,,
,China,2019,0.761,,,,,,,,,,
,Ecuador,2018,0.648,,,,,,,,,,
,Ecuador,2017,0.675,,,,,,,,,,
,Ecuador,2015,0.726,,,,,,,,,,
,Ecuador,2014,0.756,,,,,,,,,,
,Ecuador,2010,0.764,,,,,,,,,,
,Ecuador,2000,0.760,,,,,,,,,,
,Ecuador,1990,0.762,,,,,,,,,,
,Ecuador,2019,0.759,,,,,,,,,,
,Saint Lucia,2018,0.000,,,,,,,,,,
,Saint Lucia,2017,0.695,,,,,,,,,,
,Saint Lucia,2015,0.730,,,,,,,,,,
,Saint Lucia,2014,0.735,,,,,,,,,,
,Saint Lucia,2010,0.747,,,,,,,,,,
,Saint Lucia,2000,0.759,,,,,,,,,,
,Saint Lucia,1990,0.758,,,,,,,,,,
,Saint Lucia,2019,0.759,,,,,,,,,,
,Azerbaijan,2018,0.000,,,,,,,,,,
,Azerbaijan,2017,0.635,,,,,,,,,,
,Azerbaijan,2015,0.726,,,,,,,,,,
,Azerbaijan,2014,0.740,,,,,,,,,,
,Azerbaijan,2010,0.744,,,,,,,,,,
,Azerbaijan,2000,0.754,,,,,,,,,,
,Azerbaijan,1990,0.754,,,,,,,,,,
,Azerbaijan,2019,0.756,,,,,,,,,,
,Dominican Republic,2018,0.599,,,,,,,,,,
,Dominican Republic,2017,0.659,,,,,,,,,,
,Dominican Republic,2015,0.706,,,,,,,,,,
,Dominican Republic,2014,0.730,,,,,,,,,,
,Dominican Republic,2010,0.738,,,,,,,,,,
,Dominican Republic,2000,0.746,,,,,,,,,,
,Dominican Republic,1990,0.751,,,,,,,,,,
,Dominican Republic,2019,0.756,,,,,,,,,,
,Moldova (Republic of),2018,0.690,,,,,,,,,,
,Moldova (Republic of),2017,0.643,,,,,,,,,,
,Moldova (Republic of),2015,0.713,,,,,,,,,,
,Moldova (Republic of),2014,0.737,,,,,,,,,,
,Moldova (Republic of),2010,0.736,,,,,,,,,,
,Moldova (Republic of),2000,0.743,,,,,,,,,,
,Moldova (Republic of),1990,0.746,,,,,,,,,,
,Moldova (Republic of),2019,0.750,,,,,,,,,,
,Algeria,2018,0.572,,,,,,,,,,
,Algeria,2017,0.637,,,,,,,,,,
,Algeria,2015,0.721,,,,,,,,,,
,Algeria,2014,0.736,,,,,,,,,,
,Algeria,2010,0.740,,,,,,,,,,
,Algeria,2000,0.745,,,,,,,,,,
,Algeria,1990,0.746,,,,,,,,,,
,Algeria,2019,0.748,,,,,,,,,,
,Lebanon,2018,0.000,,,,,,,,,,
,Lebanon,2017,0.000,,,,,,,,,,
,Lebanon,2015,0.766,,,,,,,,,,
,Lebanon,2014,0.748,,,,,,,,,,
,Lebanon,2010,0.744,,,,,,,,,,
,Lebanon,2000,0.748,,,,,,,,,,
,Lebanon,1990,0.747,,,,,,,,,,
,Lebanon,2019,0.744,,,,,,,,,,
,Fiji,2018,0.662,,,,,,,,,,
,Fiji,2017,0.695,,,,,,,,,,
,Fiji,2015,0.715,,,,,,,,,,
,Fiji,2014,0.733,,,,,,,,,,
,Fiji,2010,0.737,,,,,,,,,,
,Fiji,2000,0.740,,,,,,,,,,
,Fiji,1990,0.742,,,,,,,,,,
,Fiji,2019,0.743,,,,,,,,,,
,Dominica,2018,0.000,,,,,,,,,,
,Dominica,2017,0.703,,,,,,,,,,
,Dominica,2015,0.740,,,,,,,,,,
,Dominica,2014,0.741,,,,,,,,,,
,Dominica,2010,0.739,,,,,,,,,,
,Dominica,2000,0.736,,,,,,,,,,
,Dominica,1990,0.738,,,,,,,,,,
,Dominica,2019,0.742,,,,,,,,,,
,Maldives,2018,0.000,,,,,,,,,,
,Maldives,2017,0.622,,,,,,,,,,
,Maldives,2015,0.685,,,,,,,,,,
,Maldives,2014,0.718,,,,,,,,,,
,Maldives,2010,0.724,,,,,,,,,,
,Maldives,2000,0.731,,,,,,,,,,
,Maldives,1990,0.734,,,,,,,,,,
,Maldives,2019,0.740,,,,,,,,,,
,Tunisia,2018,0.567,,,,,,,,,,
,Tunisia,2017,0.651,,,,,,,,,,
,Tunisia,2015,0.716,,,,,,,,,,
,Tunisia,2014,0.726,,,,,,,,,,
,Tunisia,2010,0.729,,,,,,,,,,
,Tunisia,2000,0.734,,,,,,,,,,
,Tunisia,1990,0.738,,,,,,,,,,
,Tunisia,2019,0.740,,,,,,,,,,
,Saint Vincent and the Grenadines,2018,0.000,,,,,,,,,,
,Saint Vincent and the Grenadines,2017,0.681,,,,,,,,,,
,Saint Vincent and the Grenadines,2015,0.718,,,,,,,,,,
,Saint Vincent and the Grenadines,2014,0.733,,,,,,,,,,
,Saint Vincent and the Grenadines,2010,0.733,,,,,,,,,,
,Saint Vincent and the Grenadines,2000,0.734,,,,,,,,,,
,Saint Vincent and the Grenadines,1990,0.736,,,,,,,,,,
,Saint Vincent and the Grenadines,2019,0.738,,,,,,,,,,
,Suriname,2018,0.000,,,,,,,,,,
,Suriname,2017,0.000,,,,,,,,,,
,Suriname,2015,0.710,,,,,,,,,,
,Suriname,2014,0.735,,,,,,,,,,
,Suriname,2010,0.740,,,,,,,,,,
,Suriname,2000,0.732,,,,,,,,,,
,Suriname,1990,0.734,,,,,,,,,,
,Suriname,2019,0.738,,,,,,,,,,
,Mongolia,2018,0.578,,,,,,,,,,
,Mongolia,2017,0.588,,,,,,,,,,
,Mongolia,2015,0.696,,,,,,,,,,
,Mongolia,2014,0.732,,,,,,,,,,
,Mongolia,2010,0.735,,,,,,,,,,
,Mongolia,2000,0.728,,,,,,,,,,
,Mongolia,1990,0.735,,,,,,,,,,
,Mongolia,2019,0.737,,,,,,,,,,
,Botswana,2018,0.573,,,,,,,,,,
,Botswana,2017,0.581,,,,,,,,,,
,Botswana,2015,0.663,,,,,,,,,,
,Botswana,2014,0.711,,,,,,,,,,
,Botswana,2010,0.717,,,,,,,,,,
,Botswana,2000,0.726,,,,,,,,,,
,Botswana,1990,0.730,,,,,,,,,,
,Botswana,2019,0.735,,,,,,,,,,
,Jamaica,2018,0.645,,,,,,,,,,
,Jamaica,2017,0.678,,,,,,,,,,
,Jamaica,2015,0.732,,,,,,,,,,
,Jamaica,2014,0.729,,,,,,,,,,
,Jamaica,2010,0.731,,,,,,,,,,
,Jamaica,2000,0.734,,,,,,,,,,
,Jamaica,1990,0.734,,,,,,,,,,
,Jamaica,2019,0.734,,,,,,,,,,
,Jordan,2018,0.625,,,,,,,,,,
,Jordan,2017,0.711,,,,,,,,,,
,Jordan,2015,0.737,,,,,,,,,,
,Jordan,2014,0.729,,,,,,,,,,
,Jordan,2010,0.730,,,,,,,,,,
,Jordan,2000,0.726,,,,,,,,,,
,Jordan,1990,0.728,,,,,,,,,,
,Jordan,2019,0.729,,,,,,,,,,
,Paraguay,2018,0.598,,,,,,,,,,
,Paraguay,2017,0.643,,,,,,,,,,
,Paraguay,2015,0.696,,,,,,,,,,
,Paraguay,2014,0.715,,,,,,,,,,
,Paraguay,2010,0.721,,,,,,,,,,
,Paraguay,2000,0.726,,,,,,,,,,
,Paraguay,1990,0.727,,,,,,,,,,
,Paraguay,2019,0.728,,,,,,,,,,
,Tonga,2018,0.654,,,,,,,,,,
,Tonga,2017,0.675,,,,,,,,,,
,Tonga,2015,0.699,,,,,,,,,,
,Tonga,2014,0.707,,,,,,,,,,
,Tonga,2010,0.720,,,,,,,,,,
,Tonga,2000,0.723,,,,,,,,,,
,Tonga,1990,0.723,,,,,,,,,,
,Tonga,2019,0.725,,,,,,,,,,
,Libya,2018,0.724,,,,,,,,,,
,Libya,2017,0.780,,,,,,,,,,
,Libya,2015,0.798,,,,,,,,,,
,Libya,2014,0.728,,,,,,,,,,
,Libya,2010,0.697,,,,,,,,,,
,Libya,2000,0.714,,,,,,,,,,
,Libya,1990,0.721,,,,,,,,,,
,Libya,2019,0.724,,,,,,,,,,
,Uzbekistan,2018,0.000,,,,,,,,,,
,Uzbekistan,2017,0.599,,,,,,,,,,
,Uzbekistan,2015,0.669,,,,,,,,,,
,Uzbekistan,2014,0.696,,,,,,,,,,
,Uzbekistan,2010,0.701,,,,,,,,,,
,Uzbekistan,2000,0.713,,,,,,,,,,
,Uzbekistan,1990,0.717,,,,,,,,,,
,Uzbekistan,2019,0.720,,,,,,,,,,
,Bolivia (Plurinational State of),2018,0.551,,,,,,,,,,
,Bolivia (Plurinational State of),2017,0.627,,,,,,,,,,
,Bolivia (Plurinational State of),2015,0.667,,,,,,,,,,
,Bolivia (Plurinational State of),2014,0.690,,,,,,,,,,
,Bolivia (Plurinational State of),2010,0.697,,,,,,,,,,
,Bolivia (Plurinational State of),2000,0.710,,,,,,,,,,
,Bolivia (Plurinational State of),1990,0.714,,,,,,,,,,
,Bolivia (Plurinational State of),2019,0.718,,,,,,,,,,
,Indonesia,2018,0.523,,,,,,,,,,
,Indonesia,2017,0.603,,,,,,,,,,
,Indonesia,2015,0.665,,,,,,,,,,
,Indonesia,2014,0.690,,,,,,,,,,
,Indonesia,2010,0.695,,,,,,,,,,
,Indonesia,2000,0.707,,,,,,,,,,
,Indonesia,1990,0.712,,,,,,,,,,
,Indonesia,2019,0.718,,,,,,,,,,
,Philippines,2018,0.593,,,,,,,,,,
,Philippines,2017,0.632,,,,,,,,,,
,Philippines,2015,0.671,,,,,,,,,,
,Philippines,2014,0.696,,,,,,,,,,
,Philippines,2010,0.701,,,,,,,,,,
,Philippines,2000,0.708,,,,,,,,,,
,Philippines,1990,0.711,,,,,,,,,,
,Philippines,2019,0.718,,,,,,,,,,
,Belize,2018,0.610,,,,,,,,,,
,Belize,2017,0.640,,,,,,,,,,
,Belize,2015,0.695,,,,,,,,,,
,Belize,2014,0.705,,,,,,,,,,
,Belize,2010,0.710,,,,,,,,,,
,Belize,2000,0.714,,,,,,,,,,
,Belize,1990,0.714,,,,,,,,,,
,Belize,2019,0.716,,,,,,,,,,
,Samoa,2018,0.633,,,,,,,,,,
,Samoa,2017,0.651,,,,,,,,,,
,Samoa,2015,0.698,,,,,,,,,,
,Samoa,2014,0.703,,,,,,,,,,
,Samoa,2010,0.707,,,,,,,,,,
,Samoa,2000,0.710,,,,,,,,,,
,Samoa,1990,0.709,,,,,,,,,,
,Samoa,2019,0.715,,,,,,,,,,
,Turkmenistan,2018,0.000,,,,,,,,,,
,Turkmenistan,2017,0.000,,,,,,,,,,
,Turkmenistan,2015,0.666,,,,,,,,,,
,Turkmenistan,2014,0.689,,,,,,,,,,
,Turkmenistan,2010,0.694,,,,,,,,,,
,Turkmenistan,2000,0.701,,,,,,,,,,
,Turkmenistan,1990,0.710,,,,,,,,,,
,Turkmenistan,2019,0.715,,,,,,,,,,
,Venezuela (Bolivarian Republic of),2018,0.644,,,,,,,,,,
,Venezuela (Bolivarian Republic of),2017,0.676,,,,,,,,,,
,Venezuela (Bolivarian Republic of),2015,0.757,,,,,,,,,,
,Venezuela (Bolivarian Republic of),2014,0.775,,,,,,,,,,
,Venezuela (Bolivarian Republic of),2010,0.769,,,,,,,,,,
,Venezuela (Bolivarian Republic of),2000,0.743,,,,,,,,,,
,Venezuela (Bolivarian Republic of),1990,0.733,,,,,,,,,,
,Venezuela (Bolivarian Republic of),2019,0.711,,,,,,,,,,
,South Africa,2018,0.627,,,,,,,,,,
,South Africa,2017,0.631,,,,,,,,,,
,South Africa,2015,0.664,,,,,,,,,,
,South Africa,2014,0.693,,,,,,,,,,
,South Africa,2010,0.701,,,,,,,,,,
,South Africa,2000,0.705,,,,,,,,,,
,South Africa,1990,0.707,,,,,,,,,,
,South Africa,2019,0.709,,,,,,,,,,
,"Palestine, State of",2018,0.000,,,,,,,,,,
,"Palestine, State of",2017,0.000,,,,,,,,,,
,"Palestine, State of",2015,0.684,,,,,,,,,,
,"Palestine, State of",2014,0.697,,,,,,,,,,
,"Palestine, State of",2010,0.701,,,,,,,,,,
,"Palestine, State of",2000,0.706,,,,,,,,,,
,"Palestine, State of",1990,0.708,,,,,,,,,,
,"Palestine, State of",2019,0.708,,,,,,,,,,
,Egypt,2018,0.548,,,,,,,,,,
,Egypt,2017,0.613,,,,,,,,,,
,Egypt,2015,0.668,,,,,,,,,,
,Egypt,2014,0.685,,,,,,,,,,
,Egypt,2010,0.691,,,,,,,,,,
,Egypt,2000,0.698,,,,,,,,,,
,Egypt,1990,0.701,,,,,,,,,,
,Egypt,2019,0.707,,,,,,,,,,
,Marshall Islands,2018,0.000,,,,,,,,,,
,Marshall Islands,2017,0.000,,,,,,,,,,
,Marshall Islands,2015,0.000,,,,,,,,,,
,Marshall Islands,2014,0.000,,,,,,,,,,
,Marshall Islands,2010,0.000,,,,,,,,,,
,Marshall Islands,2000,0.699,,,,,,,,,,
,Marshall Islands,1990,0.702,,,,,,,,,,
,Marshall Islands,2019,0.704,,,,,,,,,,
,Viet Nam,2018,0.483,,,,,,,,,,
,Viet Nam,2017,0.586,,,,,,,,,,
,Viet Nam,2015,0.661,,,,,,,,,,
,Viet Nam,2014,0.683,,,,,,,,,,
,Viet Nam,2010,0.688,,,,,,,,,,
,Viet Nam,2000,0.696,,,,,,,,,,
,Viet Nam,1990,0.700,,,,,,,,,,
,Viet Nam,2019,0.704,,,,,,,,,,
,Gabon,2018,0.613,,,,,,,,,,
,Gabon,2017,0.621,,,,,,,,,,
,Gabon,2015,0.652,,,,,,,,,,
,Gabon,2014,0.682,,,,,,,,,,
,Gabon,2010,0.685,,,,,,,,,,
,Gabon,2000,0.694,,,,,,,,,,
,Gabon,1990,0.697,,,,,,,,,,
,Gabon,2019,0.703,,,,,,,,,,
,Kyrgyzstan,2018,0.640,,,,,,,,,,
,Kyrgyzstan,2017,0.620,,,,,,,,,,
,Kyrgyzstan,2015,0.662,,,,,,,,,,
,Kyrgyzstan,2014,0.686,,,,,,,,,,
,Kyrgyzstan,2010,0.690,,,,,,,,,,
,Kyrgyzstan,2000,0.694,,,,,,,,,,
,Kyrgyzstan,1990,0.696,,,,,,,,,,
,Kyrgyzstan,2019,0.697,,,,,,,,,,
,Morocco,2018,0.457,,,,,,,,,,
,Morocco,2017,0.529,,,,,,,,,,
,Morocco,2015,0.616,,,,,,,,,,
,Morocco,2014,0.652,,,,,,,,,,
,Morocco,2010,0.658,,,,,,,,,,
,Morocco,2000,0.673,,,,,,,,,,
,Morocco,1990,0.680,,,,,,,,,,
,Morocco,2019,0.686,,,,,,,,,,
,Guyana,2018,0.548,,,,,,,,,,
,Guyana,2017,0.616,,,,,,,,,,
,Guyana,2015,0.649,,,,,,,,,,
,Guyana,2014,0.671,,,,,,,,,,
,Guyana,2010,0.674,,,,,,,,,,
,Guyana,2000,0.677,,,,,,,,,,
,Guyana,1990,0.680,,,,,,,,,,
,Guyana,2019,0.682,,,,,,,,,,
,Iraq,2018,0.560,,,,,,,,,,
,Iraq,2017,0.595,,,,,,,,,,
,Iraq,2015,0.636,,,,,,,,,,
,Iraq,2014,0.645,,,,,,,,,,
,Iraq,2010,0.649,,,,,,,,,,
,Iraq,2000,0.667,,,,,,,,,,
,Iraq,1990,0.671,,,,,,,,,,
,Iraq,2019,0.674,,,,,,,,,,
,El Salvador,2018,0.536,,,,,,,,,,
,El Salvador,2017,0.615,,,,,,,,,,
,El Salvador,2015,0.668,,,,,,,,,,
,El Salvador,2014,0.668,,,,,,,,,,
,El Salvador,2010,0.668,,,,,,,,,,
,El Salvador,2000,0.671,,,,,,,,,,
,El Salvador,1990,0.670,,,,,,,,,,
,El Salvador,2019,0.673,,,,,,,,,,
,Tajikistan,2018,0.617,,,,,,,,,,
,Tajikistan,2017,0.555,,,,,,,,,,
,Tajikistan,2015,0.638,,,,,,,,,,
,Tajikistan,2014,0.652,,,,,,,,,,
,Tajikistan,2010,0.652,,,,,,,,,,
,Tajikistan,2000,0.657,,,,,,,,,,
,Tajikistan,1990,0.661,,,,,,,,,,
,Tajikistan,2019,0.668,,,,,,,,,,
,Cabo Verde,2018,0.000,,,,,,,,,,
,Cabo Verde,2017,0.569,,,,,,,,,,
,Cabo Verde,2015,0.632,,,,,,,,,,
,Cabo Verde,2014,0.654,,,,,,,,,,
,Cabo Verde,2010,0.656,,,,,,,,,,
,Cabo Verde,2000,0.660,,,,,,,,,,
,Cabo Verde,1990,0.663,,,,,,,,,,
,Cabo Verde,2019,0.665,,,,,,,,,,
,Guatemala,2018,0.481,,,,,,,,,,
,Guatemala,2017,0.549,,,,,,,,,,
,Guatemala,2015,0.606,,,,,,,,,,
,Guatemala,2014,0.648,,,,,,,,,,
,Guatemala,2010,0.652,,,,,,,,,,
,Guatemala,2000,0.655,,,,,,,,,,
,Guatemala,1990,0.657,,,,,,,,,,
,Guatemala,2019,0.663,,,,,,,,,,
,Nicaragua,2018,0.497,,,,,,,,,,
,Nicaragua,2017,0.577,,,,,,,,,,
,Nicaragua,2015,0.622,,,,,,,,,,
,Nicaragua,2014,0.649,,,,,,,,,,
,Nicaragua,2010,0.652,,,,,,,,,,
,Nicaragua,2000,0.661,,,,,,,,,,
,Nicaragua,1990,0.659,,,,,,,,,,
,Nicaragua,2019,0.660,,,,,,,,,,
,Bhutan,2018,0.000,,,,,,,,,,
,Bhutan,2017,0.000,,,,,,,,,,
,Bhutan,2015,0.574,,,,,,,,,,
,Bhutan,2014,0.618,,,,,,,,,,
,Bhutan,2010,0.628,,,,,,,,,,
,Bhutan,2000,0.646,,,,,,,,,,
,Bhutan,1990,0.649,,,,,,,,,,
,Bhutan,2019,0.654,,,,,,,,,,
,Namibia,2018,0.581,,,,,,,,,,
,Namibia,2017,0.544,,,,,,,,,,
,Namibia,2015,0.589,,,,,,,,,,
,Namibia,2014,0.631,,,,,,,,,,
,Namibia,2010,0.638,,,,,,,,,,
,Namibia,2000,0.644,,,,,,,,,,
,Namibia,1990,0.645,,,,,,,,,,
,Namibia,2019,0.646,,,,,,,,,,
,India,2018,0.429,,,,,,,,,,
,India,2017,0.495,,,,,,,,,,
,India,2015,0.579,,,,,,,,,,
,India,2014,0.616,,,,,,,,,,
,India,2010,0.624,,,,,,,,,,
,India,2000,0.640,,,,,,,,,,
,India,1990,0.642,,,,,,,,,,
,India,2019,0.645,,,,,,,,,,
,Honduras,2018,0.519,,,,,,,,,,
,Honduras,2017,0.566,,,,,,,,,,
,Honduras,2015,0.610,,,,,,,,,,
,Honduras,2014,0.616,,,,,,,,,,
,Honduras,2010,0.618,,,,,,,,,,
,Honduras,2000,0.630,,,,,,,,,,
,Honduras,1990,0.633,,,,,,,,,,
,Honduras,2019,0.634,,,,,,,,,,
,Bangladesh,2018,0.394,,,,,,,,,,
,Bangladesh,2017,0.478,,,,,,,,,,
,Bangladesh,2015,0.557,,,,,,,,,,
,Bangladesh,2014,0.579,,,,,,,,,,
,Bangladesh,2010,0.595,,,,,,,,,,
,Bangladesh,2000,0.616,,,,,,,,,,
,Bangladesh,1990,0.625,,,,,,,,,,
,Bangladesh,2019,0.632,,,,,,,,,,
,Kiribati,2018,0.000,,,,,,,,,,
,Kiribati,2017,0.553,,,,,,,,,,
,Kiribati,2015,0.593,,,,,,,,,,
,Kiribati,2014,0.617,,,,,,,,,,
,Kiribati,2010,0.625,,,,,,,,,,
,Kiribati,2000,0.627,,,,,,,,,,
,Kiribati,1990,0.628,,,,,,,,,,
,Kiribati,2019,0.630,,,,,,,,,,
,Sao Tome and Principe,2018,0.452,,,,,,,,,,
,Sao Tome and Principe,2017,0.498,,,,,,,,,,
,Sao Tome and Principe,2015,0.561,,,,,,,,,,
,Sao Tome and Principe,2014,0.591,,,,,,,,,,
,Sao Tome and Principe,2010,0.604,,,,,,,,,,
,Sao Tome and Principe,2000,0.619,,,,,,,,,,
,Sao Tome and Principe,1990,0.624,,,,,,,,,,
,Sao Tome and Principe,2019,0.625,,,,,,,,,,
,Micronesia (Federated States of),2018,0.000,,,,,,,,,,
,Micronesia (Federated States of),2017,0.546,,,,,,,,,,
,Micronesia (Federated States of),2015,0.601,,,,,,,,,,
,Micronesia (Federated States of),2014,0.604,,,,,,,,,,
,Micronesia (Federated States of),2010,0.612,,,,,,,,,,
,Micronesia (Federated States of),2000,0.616,,,,,,,,,,
,Micronesia (Federated States of),1990,0.618,,,,,,,,,,
,Micronesia (Federated States of),2019,0.620,,,,,,,,,,
,Lao People's Democratic Republic,2018,0.405,,,,,,,,,,
,Lao People's Democratic Republic,2017,0.471,,,,,,,,,,
,Lao People's Democratic Republic,2015,0.552,,,,,,,,,,
,Lao People's Democratic Republic,2014,0.589,,,,,,,,,,
,Lao People's Democratic Republic,2010,0.598,,,,,,,,,,
,Lao People's Democratic Republic,2000,0.608,,,,,,,,,,
,Lao People's Democratic Republic,1990,0.609,,,,,,,,,,
,Lao People's Democratic Republic,2019,0.613,,,,,,,,,,
,Eswatini (Kingdom of),2018,0.541,,,,,,,,,,
,Eswatini (Kingdom of),2017,0.465,,,,,,,,,,
,Eswatini (Kingdom of),2015,0.510,,,,,,,,,,
,Eswatini (Kingdom of),2014,0.568,,,,,,,,,,
,Eswatini (Kingdom of),2010,0.581,,,,,,,,,,
,Eswatini (Kingdom of),2000,0.597,,,,,,,,,,
,Eswatini (Kingdom of),1990,0.605,,,,,,,,,,
,Eswatini (Kingdom of),2019,0.611,,,,,,,,,,
,Ghana,2018,0.465,,,,,,,,,,
,Ghana,2017,0.494,,,,,,,,,,
,Ghana,2015,0.565,,,,,,,,,,
,Ghana,2014,0.590,,,,,,,,,,
,Ghana,2010,0.590,,,,,,,,,,
,Ghana,2000,0.602,,,,,,,,,,
,Ghana,1990,0.606,,,,,,,,,,
,Ghana,2019,0.611,,,,,,,,,,
,Vanuatu,2018,0.000,,,,,,,,,,
,Vanuatu,2017,0.000,,,,,,,,,,
,Vanuatu,2015,0.590,,,,,,,,,,
,Vanuatu,2014,0.594,,,,,,,,,,
,Vanuatu,2010,0.598,,,,,,,,,,
,Vanuatu,2000,0.601,,,,,,,,,,
,Vanuatu,1990,0.603,,,,,,,,,,
,Vanuatu,2019,0.609,,,,,,,,,,
,Timor-Leste,2018,0.000,,,,,,,,,,
,Timor-Leste,2017,0.484,,,,,,,,,,
,Timor-Leste,2015,0.628,,,,,,,,,,
,Timor-Leste,2014,0.620,,,,,,,,,,
,Timor-Leste,2010,0.610,,,,,,,,,,
,Timor-Leste,2000,0.599,,,,,,,,,,
,Timor-Leste,1990,0.599,,,,,,,,,,
,Timor-Leste,2019,0.606,,,,,,,,,,
,Nepal,2018,0.387,,,,,,,,,,
,Nepal,2017,0.453,,,,,,,,,,
,Nepal,2015,0.537,,,,,,,,,,
,Nepal,2014,0.576,,,,,,,,,,
,Nepal,2010,0.583,,,,,,,,,,
,Nepal,2000,0.588,,,,,,,,,,
,Nepal,1990,0.596,,,,,,,,,,
,Nepal,2019,0.602,,,,,,,,,,
,Kenya,2018,0.482,,,,,,,,,,
,Kenya,2017,0.461,,,,,,,,,,
,Kenya,2015,0.551,,,,,,,,,,
,Kenya,2014,0.580,,,,,,,,,,
,Kenya,2010,0.587,,,,,,,,,,
,Kenya,2000,0.595,,,,,,,,,,
,Kenya,1990,0.599,,,,,,,,,,
,Kenya,2019,0.601,,,,,,,,,,
,Cambodia,2018,0.368,,,,,,,,,,
,Cambodia,2017,0.424,,,,,,,,,,
,Cambodia,2015,0.539,,,,,,,,,,
,Cambodia,2014,0.565,,,,,,,,,,
,Cambodia,2010,0.570,,,,,,,,,,
,Cambodia,2000,0.582,,,,,,,,,,
,Cambodia,1990,0.585,,,,,,,,,,
,Cambodia,2019,0.594,,,,,,,,,,
,Equatorial Guinea,2018,0.000,,,,,,,,,,
,Equatorial Guinea,2017,0.525,,,,,,,,,,
,Equatorial Guinea,2015,0.576,,,,,,,,,,
,Equatorial Guinea,2014,0.586,,,,,,,,,,
,Equatorial Guinea,2010,0.589,,,,,,,,,,
,Equatorial Guinea,2000,0.584,,,,,,,,,,
,Equatorial Guinea,1990,0.582,,,,,,,,,,
,Equatorial Guinea,2019,0.592,,,,,,,,,,
,Zambia,2018,0.421,,,,,,,,,,
,Zambia,2017,0.425,,,,,,,,,,
,Zambia,2015,0.527,,,,,,,,,,
,Zambia,2014,0.561,,,,,,,,,,
,Zambia,2010,0.569,,,,,,,,,,
,Zambia,2000,0.578,,,,,,,,,,
,Zambia,1990,0.582,,,,,,,,,,
,Zambia,2019,0.584,,,,,,,,,,
,Myanmar,2018,0.342,,,,,,,,,,
,Myanmar,2017,0.414,,,,,,,,,,
,Myanmar,2015,0.515,,,,,,,,,,
,Myanmar,2014,0.550,,,,,,,,,,
,Myanmar,2010,0.557,,,,,,,,,,
,Myanmar,2000,0.572,,,,,,,,,,
,Myanmar,1990,0.579,,,,,,,,,,
,Myanmar,2019,0.583,,,,,,,,,,
,Angola,2018,0.000,,,,,,,,,,
,Angola,2017,0.400,,,,,,,,,,
,Angola,2015,0.517,,,,,,,,,,
,Angola,2014,0.565,,,,,,,,,,
,Angola,2010,0.572,,,,,,,,,,
,Angola,2000,0.582,,,,,,,,,,
,Angola,1990,0.582,,,,,,,,,,
,Angola,2019,0.581,,,,,,,,,,
,Congo,2018,0.500,,,,,,,,,,
,Congo,2017,0.461,,,,,,,,,,
,Congo,2015,0.520,,,,,,,,,,
,Congo,2014,0.560,,,,,,,,,,
,Congo,2010,0.580,,,,,,,,,,
,Congo,2000,0.574,,,,,,,,,,
,Congo,1990,0.573,,,,,,,,,,
,Congo,2019,0.574,,,,,,,,,,
,Zimbabwe,2018,0.478,,,,,,,,,,
,Zimbabwe,2017,0.430,,,,,,,,,,
,Zimbabwe,2015,0.482,,,,,,,,,,
,Zimbabwe,2014,0.547,,,,,,,,,,
,Zimbabwe,2010,0.553,,,,,,,,,,
,Zimbabwe,2000,0.563,,,,,,,,,,
,Zimbabwe,1990,0.569,,,,,,,,,,
,Zimbabwe,2019,0.571,,,,,,,,,,
,Solomon Islands,2018,0.000,,,,,,,,,,
,Solomon Islands,2017,0.475,,,,,,,,,,
,Solomon Islands,2015,0.537,,,,,,,,,,
,Solomon Islands,2014,0.559,,,,,,,,,,
,Solomon Islands,2010,0.563,,,,,,,,,,
,Solomon Islands,2000,0.562,,,,,,,,,,
,Solomon Islands,1990,0.564,,,,,,,,,,
,Solomon Islands,2019,0.567,,,,,,,,,,
,Syrian Arab Republic,2018,0.550,,,,,,,,,,
,Syrian Arab Republic,2017,0.600,,,,,,,,,,
,Syrian Arab Republic,2015,0.672,,,,,,,,,,
,Syrian Arab Republic,2014,0.556,,,,,,,,,,
,Syrian Arab Republic,2010,0.537,,,,,,,,,,
,Syrian Arab Republic,2000,0.564,,,,,,,,,,
,Syrian Arab Republic,1990,0.563,,,,,,,,,,
,Syrian Arab Republic,2019,0.567,,,,,,,,,,
,Cameroon,2018,0.448,,,,,,,,,,
,Cameroon,2017,0.440,,,,,,,,,,
,Cameroon,2015,0.505,,,,,,,,,,
,Cameroon,2014,0.540,,,,,,,,,,
,Cameroon,2010,0.549,,,,,,,,,,
,Cameroon,2000,0.557,,,,,,,,,,
,Cameroon,1990,0.560,,,,,,,,,,
,Cameroon,2019,0.563,,,,,,,,,,
,Pakistan,2018,0.402,,,,,,,,,,
,Pakistan,2017,0.447,,,,,,,,,,
,Pakistan,2015,0.512,,,,,,,,,,
,Pakistan,2014,0.530,,,,,,,,,,
,Pakistan,2010,0.536,,,,,,,,,,
,Pakistan,2000,0.550,,,,,,,,,,
,Pakistan,1990,0.552,,,,,,,,,,
,Pakistan,2019,0.557,,,,,,,,,,
,Papua New Guinea,2018,0.380,,,,,,,,,,
,Papua New Guinea,2017,0.450,,,,,,,,,,
,Papua New Guinea,2015,0.522,,,,,,,,,,
,Papua New Guinea,2014,0.542,,,,,,,,,,
,Papua New Guinea,2010,0.548,,,,,,,,,,
,Papua New Guinea,2000,0.549,,,,,,,,,,
,Papua New Guinea,1990,0.549,,,,,,,,,,
,Papua New Guinea,2019,0.555,,,,,,,,,,
,Comoros,2018,0.000,,,,,,,,,,
,Comoros,2017,0.465,,,,,,,,,,
,Comoros,2015,0.521,,,,,,,,,,
,Comoros,2014,0.543,,,,,,,,,,
,Comoros,2010,0.545,,,,,,,,,,
,Comoros,2000,0.550,,,,,,,,,,
,Comoros,1990,0.552,,,,,,,,,,
,Comoros,2019,0.554,,,,,,,,,,
,Mauritania,2018,0.397,,,,,,,,,,
,Mauritania,2017,0.464,,,,,,,,,,
,Mauritania,2015,0.505,,,,,,,,,,
,Mauritania,2014,0.531,,,,,,,,,,
,Mauritania,2010,0.536,,,,,,,,,,
,Mauritania,2000,0.540,,,,,,,,,,
,Mauritania,1990,0.542,,,,,,,,,,
,Mauritania,2019,0.546,,,,,,,,,,
,Benin,2018,0.364,,,,,,,,,,
,Benin,2017,0.416,,,,,,,,,,
,Benin,2015,0.494,,,,,,,,,,
,Benin,2014,0.527,,,,,,,,,,
,Benin,2010,0.532,,,,,,,,,,
,Benin,2000,0.536,,,,,,,,,,
,Benin,1990,0.541,,,,,,,,,,
,Benin,2019,0.545,,,,,,,,,,
,Uganda,2018,0.320,,,,,,,,,,
,Uganda,2017,0.404,,,,,,,,,,
,Uganda,2015,0.498,,,,,,,,,,
,Uganda,2014,0.519,,,,,,,,,,
,Uganda,2010,0.525,,,,,,,,,,
,Uganda,2000,0.532,,,,,,,,,,
,Uganda,1990,0.538,,,,,,,,,,
,Uganda,2019,0.544,,,,,,,,,,
,Rwanda,2018,0.248,,,,,,,,,,
,Rwanda,2017,0.341,,,,,,,,,,
,Rwanda,2015,0.492,,,,,,,,,,
,Rwanda,2014,0.521,,,,,,,,,,
,Rwanda,2010,0.526,,,,,,,,,,
,Rwanda,2000,0.535,,,,,,,,,,
,Rwanda,1990,0.540,,,,,,,,,,
,Rwanda,2019,0.543,,,,,,,,,,
,Nigeria,2018,0.000,,,,,,,,,,
,Nigeria,2017,0.000,,,,,,,,,,
,Nigeria,2015,0.482,,,,,,,,,,
,Nigeria,2014,0.523,,,,,,,,,,
,Nigeria,2010,0.526,,,,,,,,,,
,Nigeria,2000,0.531,,,,,,,,,,
,Nigeria,1990,0.534,,,,,,,,,,
,Nigeria,2019,0.539,,,,,,,,,,
,Côte d'Ivoire,2018,0.404,,,,,,,,,,
,Côte d'Ivoire,2017,0.421,,,,,,,,,,
,Côte d'Ivoire,2015,0.468,,,,,,,,,,
,Côte d'Ivoire,2014,0.492,,,,,,,,,,
,Côte d'Ivoire,2010,0.503,,,,,,,,,,
,Côte d'Ivoire,2000,0.525,,,,,,,,,,
,Côte d'Ivoire,1990,0.534,,,,,,,,,,
,Côte d'Ivoire,2019,0.538,,,,,,,,,,
,Tanzania (United Republic of),2018,0.368,,,,,,,,,,
,Tanzania (United Republic of),2017,0.390,,,,,,,,,,
,Tanzania (United Republic of),2015,0.481,,,,,,,,,,
,Tanzania (United Republic of),2014,0.504,,,,,,,,,,
,Tanzania (United Republic of),2010,0.514,,,,,,,,,,
,Tanzania (United Republic of),2000,0.523,,,,,,,,,,
,Tanzania (United Republic of),1990,0.524,,,,,,,,,,
,Tanzania (United Republic of),2019,0.529,,,,,,,,,,
,Madagascar,2018,0.000,,,,,,,,,,
,Madagascar,2017,0.462,,,,,,,,,,
,Madagascar,2015,0.511,,,,,,,,,,
,Madagascar,2014,0.520,,,,,,,,,,
,Madagascar,2010,0.522,,,,,,,,,,
,Madagascar,2000,0.526,,,,,,,,,,
,Madagascar,1990,0.527,,,,,,,,,,
,Madagascar,2019,0.528,,,,,,,,,,
,Lesotho,2018,0.498,,,,,,,,,,
,Lesotho,2017,0.459,,,,,,,,,,
,Lesotho,2015,0.460,,,,,,,,,,
,Lesotho,2014,0.498,,,,,,,,,,
,Lesotho,2010,0.503,,,,,,,,,,
,Lesotho,2000,0.517,,,,,,,,,,
,Lesotho,1990,0.522,,,,,,,,,,
,Lesotho,2019,0.527,,,,,,,,,,
,Djibouti,2018,0.000,,,,,,,,,,
,Djibouti,2017,0.360,,,,,,,,,,
,Djibouti,2015,0.454,,,,,,,,,,
,Djibouti,2014,0.492,,,,,,,,,,
,Djibouti,2010,0.499,,,,,,,,,,
,Djibouti,2000,0.510,,,,,,,,,,
,Djibouti,1990,0.518,,,,,,,,,,
,Djibouti,2019,0.524,,,,,,,,,,
,Togo,2018,0.406,,,,,,,,,,
,Togo,2017,0.427,,,,,,,,,,
,Togo,2015,0.466,,,,,,,,,,
,Togo,2014,0.493,,,,,,,,,,
,Togo,2010,0.499,,,,,,,,,,
,Togo,2000,0.506,,,,,,,,,,
,Togo,1990,0.510,,,,,,,,,,
,Togo,2019,0.515,,,,,,,,,,
,Senegal,2018,0.376,,,,,,,,,,
,Senegal,2017,0.390,,,,,,,,,,
,Senegal,2015,0.468,,,,,,,,,,
,Senegal,2014,0.499,,,,,,,,,,
,Senegal,2010,0.506,,,,,,,,,,
,Senegal,2000,0.512,,,,,,,,,,
,Senegal,1990,0.516,,,,,,,,,,
,Senegal,2019,0.512,,,,,,,,,,
,Afghanistan,2018,0.302,,,,,,,,,,
,Afghanistan,2017,0.350,,,,,,,,,,
,Afghanistan,2015,0.472,,,,,,,,,,
,Afghanistan,2014,0.500,,,,,,,,,,
,Afghanistan,2010,0.500,,,,,,,,,,
,Afghanistan,2000,0.506,,,,,,,,,,
,Afghanistan,1990,0.509,,,,,,,,,,
,Afghanistan,2019,0.511,,,,,,,,,,
,Haiti,2018,0.414,,,,,,,,,,
,Haiti,2017,0.442,,,,,,,,,,
,Haiti,2015,0.471,,,,,,,,,,
,Haiti,2014,0.492,,,,,,,,,,
,Haiti,2010,0.496,,,,,,,,,,
,Haiti,2000,0.505,,,,,,,,,,
,Haiti,1990,0.508,,,,,,,,,,
,Haiti,2019,0.510,,,,,,,,,,
,Sudan,2018,0.331,,,,,,,,,,
,Sudan,2017,0.403,,,,,,,,,,
,Sudan,2015,0.469,,,,,,,,,,
,Sudan,2014,0.499,,,,,,,,,,
,Sudan,2010,0.504,,,,,,,,,,
,Sudan,2000,0.509,,,,,,,,,,
,Sudan,1990,0.506,,,,,,,,,,
,Sudan,2019,0.510,,,,,,,,,,
,Gambia,2018,0.349,,,,,,,,,,
,Gambia,2017,0.403,,,,,,,,,,
,Gambia,2015,0.459,,,,,,,,,,
,Gambia,2014,0.468,,,,,,,,,,
,Gambia,2010,0.471,,,,,,,,,,
,Gambia,2000,0.480,,,,,,,,,,
,Gambia,1990,0.487,,,,,,,,,,
,Gambia,2019,0.496,,,,,,,,,,
,Ethiopia,2018,0.000,,,,,,,,,,
,Ethiopia,2017,0.292,,,,,,,,,,
,Ethiopia,2015,0.421,,,,,,,,,,
,Ethiopia,2014,0.455,,,,,,,,,,
,Ethiopia,2010,0.462,,,,,,,,,,
,Ethiopia,2000,0.474,,,,,,,,,,
,Ethiopia,1990,0.478,,,,,,,,,,
,Ethiopia,2019,0.485,,,,,,,,,,
,Malawi,2018,0.333,,,,,,,,,,
,Malawi,2017,0.388,,,,,,,,,,
,Malawi,2015,0.431,,,,,,,,,,
,Malawi,2014,0.465,,,,,,,,,,
,Malawi,2010,0.468,,,,,,,,,,
,Malawi,2000,0.473,,,,,,,,,,
,Malawi,1990,0.478,,,,,,,,,,
,Malawi,2019,0.483,,,,,,,,,,
,Congo (Democratic Republic of the),2018,0.369,,,,,,,,,,
,Congo (Democratic Republic of the),2017,0.349,,,,,,,,,,
,Congo (Democratic Republic of the),2015,0.435,,,,,,,,,,
,Congo (Democratic Republic of the),2014,0.460,,,,,,,,,,
,Congo (Democratic Republic of the),2010,0.464,,,,,,,,,,
,Congo (Democratic Republic of the),2000,0.475,,,,,,,,,,
,Congo (Democratic Republic of the),1990,0.478,,,,,,,,,,
,Congo (Democratic Republic of the),2019,0.480,,,,,,,,,,
,Guinea-Bissau,2018,0.000,,,,,,,,,,
,Guinea-Bissau,2017,0.000,,,,,,,,,,
,Guinea-Bissau,2015,0.436,,,,,,,,,,
,Guinea-Bissau,2014,0.459,,,,,,,,,,
,Guinea-Bissau,2010,0.464,,,,,,,,,,
,Guinea-Bissau,2000,0.470,,,,,,,,,,
,Guinea-Bissau,1990,0.472,,,,,,,,,,
,Guinea-Bissau,2019,0.480,,,,,,,,,,
,Liberia,2018,0.000,,,,,,,,,,
,Liberia,2017,0.435,,,,,,,,,,
,Liberia,2015,0.455,,,,,,,,,,
,Liberia,2014,0.478,,,,,,,,,,
,Liberia,2010,0.477,,,,,,,,,,
,Liberia,2000,0.481,,,,,,,,,,
,Liberia,1990,0.480,,,,,,,,,,
,Liberia,2019,0.480,,,,,,,,,,
,Guinea,2018,0.282,,,,,,,,,,
,Guinea,2017,0.340,,,,,,,,,,
,Guinea,2015,0.416,,,,,,,,,,
,Guinea,2014,0.452,,,,,,,,,,
,Guinea,2010,0.457,,,,,,,,,,
,Guinea,2000,0.471,,,,,,,,,,
,Guinea,1990,0.473,,,,,,,,,,
,Guinea,2019,0.477,,,,,,,,,,
,Yemen,2018,0.401,,,,,,,,,,
,Yemen,2017,0.444,,,,,,,,,,
,Yemen,2015,0.506,,,,,,,,,,
,Yemen,2014,0.502,,,,,,,,,,
,Yemen,2010,0.483,,,,,,,,,,
,Yemen,2000,0.467,,,,,,,,,,
,Yemen,1990,0.468,,,,,,,,,,
,Yemen,2019,0.470,,,,,,,,,,
,Eritrea,2018,0.000,,,,,,,,,,
,Eritrea,2017,0.000,,,,,,,,,,
,Eritrea,2015,0.436,,,,,,,,,,
,Eritrea,2014,0.457,,,,,,,,,,
,Eritrea,2010,0.454,,,,,,,,,,
,Eritrea,2000,0.454,,,,,,,,,,
,Eritrea,1990,0.456,,,,,,,,,,
,Eritrea,2019,0.459,,,,,,,,,,
,Mozambique,2018,0.227,,,,,,,,,,
,Mozambique,2017,0.307,,,,,,,,,,
,Mozambique,2015,0.401,,,,,,,,,,
,Mozambique,2014,0.425,,,,,,,,,,
,Mozambique,2010,0.433,,,,,,,,,,
,Mozambique,2000,0.446,,,,,,,,,,
,Mozambique,1990,0.452,,,,,,,,,,
,Mozambique,2019,0.456,,,,,,,,,,
,Burkina Faso,2018,0.000,,,,,,,,,,
,Burkina Faso,2017,0.293,,,,,,,,,,
,Burkina Faso,2015,0.384,,,,,,,,,,
,Burkina Faso,2014,0.413,,,,,,,,,,
,Burkina Faso,2010,0.422,,,,,,,,,,
,Burkina Faso,2000,0.439,,,,,,,,,,
,Burkina Faso,1990,0.443,,,,,,,,,,
,Burkina Faso,2019,0.452,,,,,,,,,,
,Sierra Leone,2018,0.287,,,,,,,,,,
,Sierra Leone,2017,0.295,,,,,,,,,,
,Sierra Leone,2015,0.399,,,,,,,,,,
,Sierra Leone,2014,0.438,,,,,,,,,,
,Sierra Leone,2010,0.431,,,,,,,,,,
,Sierra Leone,2000,0.443,,,,,,,,,,
,Sierra Leone,1990,0.447,,,,,,,,,,
,Sierra Leone,2019,0.452,,,,,,,,,,
,Mali,2018,0.234,,,,,,,,,,
,Mali,2017,0.312,,,,,,,,,,
,Mali,2015,0.408,,,,,,,,,,
,Mali,2014,0.419,,,,,,,,,,
,Mali,2010,0.417,,,,,,,,,,
,Mali,2000,0.427,,,,,,,,,,
,Mali,1990,0.431,,,,,,,,,,
,Mali,2019,0.434,,,,,,,,,,
,Burundi,2018,0.299,,,,,,,,,,
,Burundi,2017,0.300,,,,,,,,,,
,Burundi,2015,0.411,,,,,,,,,,
,Burundi,2014,0.438,,,,,,,,,,
,Burundi,2010,0.437,,,,,,,,,,
,Burundi,2000,0.434,,,,,,,,,,
,Burundi,1990,0.431,,,,,,,,,,
,Burundi,2019,0.433,,,,,,,,,,
,South Sudan,2018,0.000,,,,,,,,,,
,South Sudan,2017,0.000,,,,,,,,,,
,South Sudan,2015,0.410,,,,,,,,,,
,South Sudan,2014,0.428,,,,,,,,,,
,South Sudan,2010,0.425,,,,,,,,,,
,South Sudan,2000,0.426,,,,,,,,,,
,South Sudan,1990,0.429,,,,,,,,,,
,South Sudan,2019,0.433,,,,,,,,,,
,Chad,2018,0.000,,,,,,,,,,
,Chad,2017,0.293,,,,,,,,,,
,Chad,2015,0.369,,,,,,,,,,
,Chad,2014,0.401,,,,,,,,,,
,Chad,2010,0.398,,,,,,,,,,
,Chad,2000,0.396,,,,,,,,,,
,Chad,1990,0.397,,,,,,,,,,
,Chad,2019,0.398,,,,,,,,,,
,Central African Republic,2018,0.334,,,,,,,,,,
,Central African Republic,2017,0.325,,,,,,,,,,
,Central African Republic,2015,0.365,,,,,,,,,,
,Central African Republic,2014,0.368,,,,,,,,,,
,Central African Republic,2010,0.375,,,,,,,,,,
,Central African Republic,2000,0.391,,,,,,,,,,
,Central African Republic,1990,0.395,,,,,,,,,,
,Central African Republic,2019,0.397,,,,,,,,,,
,Niger,2018,0.391,,,,,,,,,,
,Niger,2017,0.386,,,,,,,,,,
,Niger,2015,0.372,,,,,,,,,,
,Niger,2014,0.365,,,,,,,,,,
,Niger,2010,0.331,,,,,,,,,,
,Niger,2000,0.262,,,,,,,,,,
,Niger,1990,0.220,,,,,,,,,,
,Niger,2019,0.394,,,,,,,,,,
